{"cameraMode":{"drawMode":0,"name":"Shaded","section":"Shading Mode"},"sceneLighting":false,"audioPlay":false,"sceneViewState":{"m_AlwaysRefresh":false,"showFog":true,"showSkybox":false,"showFlares":true,"showImageEffects":true,"showParticleSystems":true,"showVisualEffectGraphs":true,"m_FxEnabled":true},"in2DMode":false,"pivot":{"x":-0.528060793876648,"y":3.0661230087280275,"z":-1.2730008363723755},"rotation":{"x":0.14078740775585175,"y":0.5635574460029602,"z":-0.09818959981203079,"w":0.8080477118492127},"size":0.9128557443618774,"orthographic":true}