{"cameraMode":{"drawMode":0,"name":"Shaded","section":"Shading Mode"},"sceneLighting":false,"audioPlay":false,"sceneViewState":{"m_AlwaysRefresh":false,"showFog":true,"showSkybox":false,"showFlares":true,"showImageEffects":true,"showParticleSystems":true,"showVisualEffectGraphs":true,"m_FxEnabled":true},"in2DMode":false,"pivot":{"x":0.0953742116689682,"y":2.4919755458831789,"z":-0.32985830307006838},"rotation":{"x":0.06791853904724121,"y":0.9081960916519165,"z":-0.16245058178901673,"w":0.37970393896102908},"size":1.5004254579544068,"orthographic":true}