{"cameraMode":{"drawMode":0,"name":"Shaded","section":"Shading Mode"},"sceneLighting":false,"audioPlay":false,"sceneViewState":{"m_AlwaysRefresh":false,"showFog":true,"showSkybox":false,"showFlares":true,"showImageEffects":true,"showParticleSystems":true,"showVisualEffectGraphs":true,"m_FxEnabled":true},"in2DMode":false,"pivot":{"x":0.07967865467071533,"y":0.06640471518039704,"z":1.2240464687347413},"rotation":{"x":-0.30455654859542849,"y":-0.43080323934555056,"z":0.1571398675441742,"w":-0.8347972631454468},"size":0.6290087699890137,"orthographic":false}