{"cameraMode":{"drawMode":0,"name":"Shaded","section":"Shading Mode"},"sceneLighting":false,"audioPlay":false,"sceneViewState":{"m_AlwaysRefresh":false,"showFog":true,"showSkybox":false,"showFlares":true,"showImageEffects":true,"showParticleSystems":true,"showVisualEffectGraphs":true,"m_FxEnabled":true},"in2DMode":false,"pivot":{"x":-0.45951518416404726,"y":154.31661987304688,"z":-0.023464322090148927},"rotation":{"x":-0.16141533851623536,"y":-0.807575523853302,"z":0.25806519389152529,"w":-0.5050604939460754},"size":0.947019636631012,"orthographic":false}