{"cameraMode":{"drawMode":0,"name":"Shaded","section":"Shading Mode"},"sceneLighting":false,"audioPlay":false,"sceneViewState":{"m_AlwaysRefresh":false,"showFog":true,"showSkybox":false,"showFlares":true,"showImageEffects":true,"showParticleSystems":true,"showVisualEffectGraphs":true,"m_FxEnabled":true},"in2DMode":false,"pivot":{"x":3.993626356124878,"y":10.762853622436524,"z":18.917844772338868},"rotation":{"x":-0.13626904785633088,"y":0.46200230717658999,"z":-0.07213801890611649,"w":-0.873320996761322},"size":17.815048217773439,"orthographic":false}