{"cameraMode":{"drawMode":0,"name":"Shaded","section":"Shading Mode"},"sceneLighting":true,"audioPlay":false,"sceneViewState":{"m_AlwaysRefresh":false,"showFog":true,"showSkybox":true,"showFlares":true,"showImageEffects":true,"showParticleSystems":true,"showVisualEffectGraphs":true,"m_FxEnabled":true},"in2DMode":false,"pivot":{"x":-2.508161783218384,"y":6.274395942687988,"z":-4.3813395500183109},"rotation":{"x":0.27995362877845766,"y":-0.2011372447013855,"z":0.060109276324510577,"w":0.9367811679840088},"size":75.41615295410156,"orthographic":true}