{"cameraMode":{"drawMode":0,"name":"Shaded","section":"Shading Mode"},"sceneLighting":true,"audioPlay":false,"sceneViewState":{"m_AlwaysRefresh":false,"showFog":true,"showSkybox":true,"showFlares":true,"showImageEffects":true,"showParticleSystems":true,"showVisualEffectGraphs":true,"m_FxEnabled":true},"in2DMode":false,"pivot":{"x":-5.285046100616455,"y":8.082183837890625,"z":-11.788796424865723},"rotation":{"x":0.20683138072490693,"y":-0.23082859814167024,"z":0.05028477683663368,"w":0.9494118690490723},"size":25.23964500427246,"orthographic":true}