{"cameraMode":{"drawMode":0,"name":"Shaded","section":"Shading Mode"},"sceneLighting":true,"audioPlay":false,"sceneViewState":{"m_AlwaysRefresh":false,"showFog":true,"showSkybox":true,"showFlares":true,"showImageEffects":true,"showParticleSystems":true,"showVisualEffectGraphs":true,"m_FxEnabled":true},"in2DMode":false,"pivot":{"x":13.15639591217041,"y":9.177103042602539,"z":-59.04924011230469},"rotation":{"x":0.27435368299484255,"y":-0.49248450994491579,"z":0.16703976690769196,"w":0.8088833689689636},"size":15.860113143920899,"orthographic":true}