{"cameraMode":{"drawMode":0,"name":"Shaded","section":"Shading Mode"},"sceneLighting":true,"audioPlay":false,"sceneViewState":{"m_AlwaysRefresh":false,"showFog":true,"showSkybox":true,"showFlares":true,"showImageEffects":true,"showParticleSystems":true,"showVisualEffectGraphs":true,"m_FxEnabled":true},"in2DMode":false,"pivot":{"x":11.928095817565918,"y":10.538447380065918,"z":-11.715654373168946},"rotation":{"x":0.2990737855434418,"y":-0.20680658519268037,"z":0.06656339764595032,"w":0.9291757941246033},"size":52.113014221191409,"orthographic":true}