{"cameraMode":{"drawMode":0,"name":"Shaded","section":"Shading Mode"},"sceneLighting":true,"audioPlay":false,"sceneViewState":{"m_AlwaysRefresh":false,"showFog":true,"showSkybox":true,"showFlares":true,"showImageEffects":true,"showParticleSystems":true,"showVisualEffectGraphs":true,"m_FxEnabled":true},"in2DMode":false,"pivot":{"x":13.087790489196778,"y":0.9252182245254517,"z":12.336222648620606},"rotation":{"x":0.3328782916069031,"y":-0.1573934257030487,"z":0.056454647332429889,"w":0.9280312657356262},"size":77.15998840332031,"orthographic":true}