{"cameraMode":{"drawMode":0,"name":"Shaded","section":"Shading Mode"},"sceneLighting":true,"audioPlay":false,"sceneViewState":{"m_AlwaysRefresh":false,"showFog":true,"showSkybox":true,"showFlares":true,"showImageEffects":true,"showParticleSystems":true,"showVisualEffectGraphs":true,"m_FxEnabled":true},"in2DMode":false,"pivot":{"x":51.448455810546878,"y":-6.331209659576416,"z":-37.755455017089847},"rotation":{"x":0.20959988236427308,"y":-0.5449734926223755,"z":0.1429344117641449,"w":0.7991542220115662},"size":22.147897720336915,"orthographic":true}