{"cameraMode":{"drawMode":0,"name":"Shaded","section":"Shading Mode"},"sceneLighting":true,"audioPlay":false,"sceneViewState":{"m_AlwaysRefresh":false,"showFog":true,"showSkybox":true,"showFlares":true,"showImageEffects":true,"showParticleSystems":true,"showVisualEffectGraphs":true,"m_FxEnabled":true},"in2DMode":false,"pivot":{"x":-0.20454640686511994,"y":2.5193440914154054,"z":-57.990875244140628},"rotation":{"x":0.28508269786834719,"y":0.5497882962226868,"z":-0.20694184303283692,"w":0.757387638092041},"size":1.1514308452606202,"orthographic":true}