{"cameraMode":{"drawMode":0,"name":"Shaded","section":"Shading Mode"},"sceneLighting":true,"audioPlay":false,"sceneViewState":{"m_AlwaysRefresh":false,"showFog":true,"showSkybox":true,"showFlares":true,"showImageEffects":true,"showParticleSystems":true,"showVisualEffectGraphs":true,"m_FxEnabled":true},"in2DMode":false,"pivot":{"x":8.809245109558106,"y":-0.6116446256637573,"z":-26.978166580200197},"rotation":{"x":0.22194094955921174,"y":-0.1844499558210373,"z":0.04279887303709984,"w":0.9564976692199707},"size":29.13503074645996,"orthographic":true}