{"cameraMode":{"drawMode":0,"name":"Shaded","section":"Shading Mode"},"sceneLighting":true,"audioPlay":false,"sceneViewState":{"m_AlwaysRefresh":false,"showFog":true,"showSkybox":true,"showFlares":true,"showImageEffects":true,"showParticleSystems":true,"showVisualEffectGraphs":true,"m_FxEnabled":true},"in2DMode":false,"pivot":{"x":1.0557607412338257,"y":2.5840954780578615,"z":-56.157554626464847},"rotation":{"x":0.07249385118484497,"y":0.7878344655036926,"z":-0.09451484680175781,"w":0.604275107383728},"size":2.6204144954681398,"orthographic":true}