{"cameraMode":{"drawMode":0,"name":"Shaded","section":"Shading Mode"},"sceneLighting":true,"audioPlay":false,"sceneViewState":{"m_AlwaysRefresh":false,"showFog":true,"showSkybox":true,"showFlares":true,"showImageEffects":true,"showParticleSystems":true,"showVisualEffectGraphs":true,"m_FxEnabled":true},"in2DMode":false,"pivot":{"x":-20.531612396240236,"y":15.582816123962403,"z":4.924624919891357},"rotation":{"x":0.2764008045196533,"y":0.25690197944641116,"z":-0.07694264501333237,"w":0.9228664636611939},"size":28.040386199951173,"orthographic":true}