{"cameraMode":{"drawMode":0,"name":"Shaded","section":"Shading Mode"},"sceneLighting":true,"audioPlay":false,"sceneViewState":{"m_AlwaysRefresh":false,"showFog":true,"showSkybox":true,"showFlares":true,"showImageEffects":true,"showParticleSystems":true,"showVisualEffectGraphs":true,"m_FxEnabled":true},"in2DMode":false,"pivot":{"x":-34.840721130371097,"y":12.524640083312989,"z":-26.795791625976564},"rotation":{"x":0.18593111634254456,"y":-0.14094629883766175,"z":0.02696111612021923,"w":0.972019374370575},"size":29.40485191345215,"orthographic":true}