{"cameraMode":{"drawMode":0,"name":"Shaded","section":"Shading Mode"},"sceneLighting":true,"audioPlay":false,"sceneViewState":{"m_AlwaysRefresh":false,"showFog":true,"showSkybox":true,"showFlares":true,"showImageEffects":true,"showParticleSystems":true,"showVisualEffectGraphs":true,"m_FxEnabled":true},"in2DMode":false,"pivot":{"x":-21.333763122558595,"y":2.669999837875366,"z":-51.629608154296878},"rotation":{"x":0.26462990045547488,"y":-0.023142021149396898,"z":0.006352522410452366,"w":0.9640538692474365},"size":16.39090919494629,"orthographic":true}