{"cameraMode":{"drawMode":0,"name":"Shaded","section":"Shading Mode"},"sceneLighting":true,"audioPlay":false,"sceneViewState":{"m_AlwaysRefresh":false,"showFog":true,"showSkybox":true,"showFlares":true,"showImageEffects":true,"showParticleSystems":true,"showVisualEffectGraphs":true,"m_FxEnabled":true},"in2DMode":false,"pivot":{"x":-0.20454640686511994,"y":2.5193440914154054,"z":-57.990875244140628},"rotation":{"x":0.078862264752388,"y":0.9129067063331604,"z":-0.21182580292224885,"w":0.3398710787296295},"size":3.454132556915283,"orthographic":true}