{"cameraMode":{"drawMode":0,"name":"Shaded","section":"Shading Mode"},"sceneLighting":true,"audioPlay":false,"sceneViewState":{"m_AlwaysRefresh":false,"showFog":true,"showSkybox":true,"showFlares":true,"showImageEffects":true,"showParticleSystems":true,"showVisualEffectGraphs":true,"m_FxEnabled":true},"in2DMode":false,"pivot":{"x":-2.5777416229248049,"y":-5.045263767242432,"z":7.838290214538574},"rotation":{"x":0.25633272528648379,"y":-0.22843781113624574,"z":0.062484562397003177,"w":0.9371243119239807},"size":23.62684440612793,"orthographic":true}