{"cameraMode":{"drawMode":0,"name":"Shaded","section":"Shading Mode"},"sceneLighting":true,"audioPlay":false,"sceneViewState":{"m_AlwaysRefresh":false,"showFog":true,"showSkybox":true,"showFlares":true,"showImageEffects":true,"showParticleSystems":true,"showVisualEffectGraphs":true,"m_FxEnabled":true},"in2DMode":false,"pivot":{"x":71.80059814453125,"y":0.4441012442111969,"z":129.07127380371095},"rotation":{"x":-0.00019256352970842272,"y":-0.9957876801490784,"z":-0.0020936294458806516,"w":0.09166702628135681},"size":1.7456035614013672,"orthographic":true}