{"cameraMode":{"drawMode":0,"name":"Shaded","section":"Shading Mode"},"sceneLighting":true,"audioPlay":false,"sceneViewState":{"m_AlwaysRefresh":false,"showFog":true,"showSkybox":true,"showFlares":true,"showImageEffects":true,"showParticleSystems":true,"showVisualEffectGraphs":true,"m_FxEnabled":true},"in2DMode":false,"pivot":{"x":-6.027544021606445,"y":0.9738284945487976,"z":-35.60972213745117},"rotation":{"x":0.20060978829860688,"y":-0.31942951679229739,"z":0.06938427686691284,"w":0.9235262870788574},"size":20.137924194335939,"orthographic":true}