{"cameraMode":{"drawMode":0,"name":"Shaded","section":"Shading Mode"},"sceneLighting":false,"audioPlay":false,"sceneViewState":{"m_AlwaysRefresh":false,"showFog":true,"showSkybox":false,"showFlares":true,"showImageEffects":true,"showParticleSystems":true,"showVisualEffectGraphs":true,"m_FxEnabled":true},"in2DMode":false,"pivot":{"x":7.052464485168457,"y":10.987503051757813,"z":23.479999542236329},"rotation":{"x":-0.2746585011482239,"y":0.18655988574028016,"z":-0.05445714667439461,"w":-0.9416559338569641},"size":3.5834174156188967,"orthographic":false}