{"cameraMode":{"drawMode":0,"name":"Shaded","section":"Shading Mode"},"sceneLighting":false,"audioPlay":false,"sceneViewState":{"m_AlwaysRefresh":false,"showFog":true,"showSkybox":false,"showFlares":true,"showImageEffects":true,"showParticleSystems":true,"showVisualEffectGraphs":true,"m_FxEnabled":true},"in2DMode":false,"pivot":{"x":-0.06786312162876129,"y":1.1368306875228882,"z":4.342799186706543},"rotation":{"x":-0.1429148018360138,"y":0.1776936650276184,"z":-0.02615518867969513,"w":-0.9732536673545837},"size":0.42832857370376589,"orthographic":false}