{"cameraMode":{"drawMode":0,"name":"Shaded","section":"Shading Mode"},"sceneLighting":false,"audioPlay":false,"sceneViewState":{"m_AlwaysRefresh":false,"showFog":true,"showSkybox":false,"showFlares":true,"showImageEffects":true,"showParticleSystems":true,"showVisualEffectGraphs":true,"m_FxEnabled":true},"in2DMode":false,"pivot":{"x":-3.6686878204345705,"y":-0.14139166474342347,"z":6.565378665924072},"rotation":{"x":-0.17999939620494843,"y":0.5142239332199097,"z":-0.11140721291303635,"w":-0.8310678601264954},"size":3.2451295852661135,"orthographic":false}