{"cameraMode":{"drawMode":0,"name":"Shaded","section":"Shading Mode"},"sceneLighting":false,"audioPlay":false,"sceneViewState":{"m_AlwaysRefresh":false,"showFog":true,"showSkybox":false,"showFlares":true,"showImageEffects":true,"showParticleSystems":true,"showVisualEffectGraphs":true,"m_FxEnabled":true},"in2DMode":false,"pivot":{"x":0.7197814583778381,"y":0.8836453557014465,"z":2.4250268936157228},"rotation":{"x":0.1740557700395584,"y":0.8137755393981934,"z":-0.306586891412735,"w":0.46194297075271609},"size":3.3501663208007814,"orthographic":true}