{"cameraMode":{"drawMode":0,"name":"Shaded","section":"Shading Mode"},"sceneLighting":false,"audioPlay":false,"sceneViewState":{"m_AlwaysRefresh":false,"showFog":true,"showSkybox":false,"showFlares":true,"showImageEffects":true,"showParticleSystems":true,"showVisualEffectGraphs":true,"m_FxEnabled":true},"in2DMode":false,"pivot":{"x":0.29141032695770266,"y":2.323962926864624,"z":1.3849644660949708},"rotation":{"x":0.09229761362075806,"y":0.8804413080215454,"z":-0.19180549681186677,"w":0.4236747622489929},"size":1.2397550344467164,"orthographic":true}